ta,tr,rh,vel,met,clo,thermal_sensation
32.5,32.8600678239238,42.1655555555556,0.125060205635173,1.2,0.34,1
33,33.3599371513718,42.8344444444444,0.125060205635173,1.2,0.35,2
33.5,33.5000000000001,42,0.125060205635173,1,0.36,1
33.1666666666667,33.5265604497755,10.1255555555556,0.125060205635173,1.2,0.37,1
34,33.9999999999999,41.1655555555556,0.365477061137865,1,0.38,1
34.1666666666667,34.550047975996,44,0.365477061137865,1,0.39,1
32,32.0000000000001,44,0.125060205635173,1.2,0.4,0
32,32.0000000000001,44.8344444444444,0.125060205635173,0.8,0.41,0
